{"cameraMode":{"drawMode":0,"name":"Shaded","section":"Shading Mode"},"sceneLighting":true,"audioPlay":false,"sceneViewState":{"showFog":true,"showMaterialUpdate":false,"showSkybox":true,"showFlares":true,"showImageEffects":true,"showParticleSystems":true,"showVisualEffectGraphs":true,"m_FxEnabled":true},"in2DMode":false,"pivot":{"x":-0.8944812417030335,"y":-0.2154102325439453,"z":7.429802894592285},"rotation":{"x":0.011488310992717743,"y":0.9651687741279602,"z":-0.25811129808425906,"w":0.04314108192920685},"size":2.3207061290740969,"orthographic":false}