{"cameraMode":{"drawMode":0,"name":"Shaded","section":"Shading Mode"},"sceneLighting":true,"audioPlay":false,"sceneViewState":{"showFog":true,"showMaterialUpdate":false,"showSkybox":true,"showFlares":true,"showImageEffects":true,"showParticleSystems":true,"showVisualEffectGraphs":true,"m_FxEnabled":true},"in2DMode":false,"pivot":{"x":5.764442443847656,"y":15.912826538085938,"z":18.081745147705079},"rotation":{"x":-0.07226785272359848,"y":-0.023995520547032357,"z":0.0009521600441075861,"w":-0.9975500106811523},"size":3.781904935836792,"orthographic":false}