{"cameraMode":{"drawMode":0,"name":"Shaded","section":"Shading Mode"},"sceneLighting":true,"audioPlay":false,"sceneViewState":{"showFog":true,"showMaterialUpdate":false,"showSkybox":true,"showFlares":true,"showImageEffects":true,"showParticleSystems":true,"showVisualEffectGraphs":true,"m_FxEnabled":true},"in2DMode":false,"pivot":{"x":-0.09681534767150879,"y":1.1734973192214966,"z":9.572941780090332},"rotation":{"x":0.006123478524386883,"y":0.9914014339447022,"z":-0.1213640570640564,"w":0.05026189982891083},"size":0.34316593408584597,"orthographic":false}