{"cameraMode":{"drawMode":0,"name":"Shaded","section":"Shading Mode"},"sceneLighting":true,"audioPlay":false,"sceneViewState":{"showFog":true,"showMaterialUpdate":false,"showSkybox":true,"showFlares":true,"showImageEffects":true,"showParticleSystems":true,"showVisualEffectGraphs":true,"m_FxEnabled":true},"in2DMode":false,"pivot":{"x":-42.67390060424805,"y":-0.16417598724365235,"z":-22.900230407714845},"rotation":{"x":0.22244319319725038,"y":-0.09137463569641113,"z":0.020911065861582757,"w":0.9705058336257935},"size":8.416784286499024,"orthographic":false}