{"cameraMode":{"drawMode":0,"name":"Shaded","section":"Shading Mode"},"sceneLighting":true,"audioPlay":false,"sceneViewState":{"showFog":true,"showMaterialUpdate":false,"showSkybox":true,"showFlares":true,"showImageEffects":true,"showParticleSystems":true,"showVisualEffectGraphs":true,"m_FxEnabled":true},"in2DMode":false,"pivot":{"x":-2.3344783782958986,"y":4.832433223724365,"z":-34.178138732910159},"rotation":{"x":0.4361182749271393,"y":-0.08085072785615921,"z":0.041516225785017017,"w":0.8956657648086548},"size":0.04151797294616699,"orthographic":false}