{"cameraMode":{"drawMode":0,"name":"Shaded","section":"Shading Mode"},"sceneLighting":true,"audioPlay":false,"sceneViewState":{"showFog":true,"showMaterialUpdate":false,"showSkybox":true,"showFlares":true,"showImageEffects":true,"showParticleSystems":true,"showVisualEffectGraphs":true,"m_FxEnabled":true},"in2DMode":false,"pivot":{"x":-0.14879882335662843,"y":12.381463050842286,"z":1.820901870727539},"rotation":{"x":0.5322974920272827,"y":0.08277934789657593,"z":-0.052428290247917178,"w":0.8409597277641296},"size":16.215545654296876,"orthographic":false}