{"cameraMode":{"drawMode":0,"name":"Shaded","section":"Shading Mode"},"sceneLighting":true,"audioPlay":false,"sceneViewState":{"showFog":true,"showMaterialUpdate":false,"showSkybox":true,"showFlares":true,"showImageEffects":true,"showParticleSystems":true,"showVisualEffectGraphs":true,"m_FxEnabled":true},"in2DMode":false,"pivot":{"x":0.0023392438888549806,"y":0.7415473461151123,"z":-0.09738707542419434},"rotation":{"x":0.2106284350156784,"y":0.21845464408397675,"z":-0.04835238307714462,"w":0.9516975283622742},"size":1.7660253047943116,"orthographic":false}