{"cameraMode":{"drawMode":0,"name":"Shaded","section":"Shading Mode"},"sceneLighting":true,"audioPlay":false,"sceneViewState":{"showFog":true,"showMaterialUpdate":false,"showSkybox":true,"showFlares":true,"showImageEffects":true,"showParticleSystems":true,"showVisualEffectGraphs":true,"m_FxEnabled":true},"in2DMode":false,"pivot":{"x":-6.829058647155762,"y":11.088095664978028,"z":9.216202735900879},"rotation":{"x":0.046747878193855289,"y":0.044078655540943149,"z":-0.0021142505574971439,"w":0.9980120658874512},"size":31.585010528564454,"orthographic":false}