{"cameraMode":{"drawMode":0,"name":"Shaded","section":"Shading Mode"},"sceneLighting":true,"audioPlay":false,"sceneViewState":{"showFog":true,"showMaterialUpdate":false,"showSkybox":true,"showFlares":true,"showImageEffects":true,"showParticleSystems":true,"showVisualEffectGraphs":true,"m_FxEnabled":true},"in2DMode":false,"pivot":{"x":6.78109884262085,"y":1.5712785720825196,"z":-37.10863494873047},"rotation":{"x":0.004123828373849392,"y":-0.6747331023216248,"z":0.0048315697349607948,"w":0.7386713624000549},"size":0.929865300655365,"orthographic":false}