{"cameraMode":{"drawMode":0,"name":"Shaded","section":"Shading Mode"},"sceneLighting":true,"audioPlay":false,"sceneViewState":{"showFog":true,"showMaterialUpdate":false,"showSkybox":true,"showFlares":true,"showImageEffects":true,"showParticleSystems":true,"showVisualEffectGraphs":true,"m_FxEnabled":true},"in2DMode":false,"pivot":{"x":-0.2372429370880127,"y":1.2900679111480713,"z":-0.2911796569824219},"rotation":{"x":-0.07933686673641205,"y":0.9029707908630371,"z":-0.18992330133914948,"w":-0.37720024585723879},"size":2.961395263671875,"orthographic":false}