{"cameraMode":{"drawMode":0,"name":"Shaded","section":"Shading Mode"},"sceneLighting":true,"audioPlay":false,"sceneViewState":{"showFog":true,"showMaterialUpdate":false,"showSkybox":true,"showFlares":true,"showImageEffects":true,"showParticleSystems":true,"showVisualEffectGraphs":true,"m_FxEnabled":true},"in2DMode":false,"pivot":{"x":-36.10570526123047,"y":11.128820419311524,"z":-30.020814895629884},"rotation":{"x":0.10509593039751053,"y":0.02418779395520687,"z":-0.0026153160724788906,"w":0.9942952990531921},"size":6.3156914710998539,"orthographic":false}