{"cameraMode":{"drawMode":0,"name":"Shaded","section":"Shading Mode"},"sceneLighting":false,"audioPlay":false,"sceneViewState":{"showFog":true,"showMaterialUpdate":false,"showSkybox":false,"showFlares":true,"showImageEffects":true,"showParticleSystems":true,"showVisualEffectGraphs":true,"m_FxEnabled":true},"in2DMode":false,"pivot":{"x":-2.088796854019165,"y":1.5586299896240235,"z":1.9769772291183472},"rotation":{"x":0.04777596890926361,"y":0.8757279515266419,"z":-0.08858353644609451,"w":0.4723621904850006},"size":0.02474522590637207,"orthographic":false}