{"cameraMode":{"drawMode":0,"name":"Shaded","section":"Shading Mode"},"sceneLighting":false,"audioPlay":false,"sceneViewState":{"showFog":true,"showMaterialUpdate":false,"showSkybox":false,"showFlares":true,"showImageEffects":true,"showParticleSystems":true,"showVisualEffectGraphs":true,"m_FxEnabled":true},"in2DMode":false,"pivot":{"x":-9.780153274536133,"y":1.8291490077972413,"z":-2.6026411056518556},"rotation":{"x":-0.036428820341825488,"y":0.7226593494415283,"z":-0.038199860602617267,"w":-0.6891932487487793},"size":1.4907314777374268,"orthographic":false}