{"cameraMode":{"drawMode":0,"name":"Shaded","section":"Shading Mode"},"sceneLighting":false,"audioPlay":false,"sceneViewState":{"showFog":true,"showMaterialUpdate":false,"showSkybox":false,"showFlares":true,"showImageEffects":true,"showParticleSystems":true,"showVisualEffectGraphs":true,"m_FxEnabled":true},"in2DMode":false,"pivot":{"x":-19.787399291992189,"y":3.9776716232299806,"z":42.165916442871097},"rotation":{"x":0.4765963554382324,"y":-0.01671336032450199,"z":0.008755622431635857,"w":0.8790477514266968},"size":7.325628757476807,"orthographic":false}